,,JS-native,JS-native,JS-nonnative,JS-nonnative,acc-native,acc-native,acc-nonnative,acc-nonnative
,,mean,sem,mean,sem,mean,sem,mean,sem
lang,type,,,,,,,,
EN,ASR,0.1947091197337699,,0.2571425544194013,,0.61875,,0.4810281517747858,
EN,gold,0.21608197975356774,0.024702059577732693,0.3073023188087376,0.008227376800037598,0.61875,0.05851904960495058,0.4148102815177479,0.01692714488890305
EN,pseudo-sylls,0.1556614271308636,,0.2211598858976454,,0.71875,,0.5520195838433293,
FR,ASR,0.27496698662397956,,0.2895627883187115,,0.5265700483091788,,0.487012987012987,
FR,gold,0.23187416720354231,0.011113924774374988,0.3305599083326684,0.010576579507984808,0.5791341991341991,0.027236039670873072,0.3764935064935065,0.01442078348324683
FR,pseudo-sylls,0.29010677702124504,,0.335833682075582,,0.47342995169082125,,0.4090909090909091,
